City,Lat,Lng,Max Temp,Humidity,Cloudiness,Wind Speed,Country,Date
shimsk,58.21,30.71,35.98,85,47,11.7,RU,1603073103
khatanga,71.97,102.5,7.29,87,0,8.61,RU,1603073103
cabo san lucas,-8.28,-35.03,78.8,69,75,10.29,BR,1603073103
east london,65.0,-15.0,37.4,93,90,16.11,IS,1603073103
ushuaia,-54.8,-68.3,39.2,69,75,10.29,AR,1603073103
akyab,20.15,92.9,79.7,86,100,9.26,MM,1603073103
jamestown,42.1,-79.24,54.0,62,90,11.41,US,1603073033
narsaq,60.92,-46.05,39.2,86,100,9.17,GL,1603073259
port elizabeth,-7.03,29.76,75.69,55,3,5.41,CD,1603072772
torbay,47.67,-52.73,53.01,100,90,5.82,CA,1603072549
khandyga,62.67,135.6,18.45,93,100,3.04,RU,1603072772
poum,-20.23,164.02,74.98,65,0,10.09,NC,1603073104
yangambi,0.81,24.43,70.03,98,97,1.12,CD,1603073104
hobart,-42.88,147.33,62.01,47,75,8.05,AU,1603073151
toktogul,41.87,72.94,53.78,40,0,0.83,KG,1603073104
rikitea,-23.12,-134.97,74.68,81,100,17.36,PF,1603072940
iqaluit,63.75,-68.51,32.0,93,90,20.8,CA,1603072863
bethel,41.37,-73.41,48.99,87,1,3.8,US,1603073260
verkh-usugli,52.7,115.17,38.79,73,28,3.29,RU,1603073260
clyde river,41.3,-82.98,52.0,85,90,6.73,US,1603073260
hun,29.13,15.95,67.26,76,99,10.27,LY,1603073260
tuktoyaktuk,69.45,-133.04,14.0,92,40,4.7,CA,1603073261
vaini,-21.2,-175.2,75.2,73,40,14.99,TO,1603073105
busselton,-33.65,115.33,75.99,39,18,6.73,AU,1603073105
damietta,31.42,31.81,77.0,78,0,5.82,EG,1603072763
punta arenas,8.99,125.34,83.12,73,100,0.89,PH,1603072774
cape town,-36.41,-71.9,51.8,76,0,6.93,CL,1603072774
bluff,-46.6,168.33,47.5,89,100,9.73,NZ,1603073106
korsakovo,53.27,37.36,40.57,81,78,12.97,RU,1603073261
victoria,22.29,114.16,75.0,72,2,1.01,HK,1603072891
arraial do cabo,-22.84,-46.65,68.0,77,20,16.11,BR,1603072901
vila velha,42.03,-8.16,59.0,50,100,7.0,PT,1603072901
saint-philippe,-21.36,55.77,69.01,68,20,2.24,RE,1603072652
mataura,-46.19,168.86,46.92,95,100,2.84,NZ,1603073107
haines junction,59.23,-135.44,35.6,47,75,9.17,US,1603072902
vardo,70.37,31.11,28.4,86,40,4.7,NO,1603072750
lerwick,60.15,-1.15,42.8,93,100,2.24,GB,1603072902
tasiilaq,65.61,-37.64,33.8,80,96,2.86,GL,1603072753
kloulklubed,7.04,134.26,84.2,79,90,9.17,PW,1603073107
kavieng,-2.57,150.8,85.71,64,48,7.07,PG,1603072956
lebu,-37.62,-73.65,49.06,87,38,0.69,CL,1603073108
bredasdorp,-34.53,20.04,55.4,93,83,2.24,ZA,1603073108
geraldton,-28.77,114.6,71.6,68,90,13.87,AU,1603073108
mahenge,-8.68,36.72,65.41,97,80,4.85,TZ,1603072903
isangel,-19.55,169.27,80.6,65,75,5.82,VU,1603073096
taree,-31.9,152.47,66.0,100,75,11.41,AU,1603072904
ibra,22.69,58.53,72.28,19,0,9.66,OM,1603072904
nioki,-2.72,17.68,70.52,97,59,2.08,CD,1603072904
port alfred,-7.03,29.76,75.69,55,3,5.41,CD,1603072899
barnstaple,51.08,-4.06,51.01,87,100,10.0,GB,1603072904
cayenne,4.93,-52.33,78.8,88,20,1.12,GF,1603073109
half moon bay,6.38,-10.7,75.2,100,75,2.1,LR,1603072904
toba,34.48,136.85,59.0,77,75,9.17,JP,1603072904
okha,53.57,142.95,34.05,87,100,20.98,RU,1603072905
new norfolk,6.65,-10.59,75.2,100,75,2.24,LR,1603072905
chokurdakh,70.63,147.92,19.63,98,95,5.53,RU,1603073109
kangaatsiaq,68.31,-53.46,39.4,81,100,12.88,GL,1603072905
caravelas,-17.71,-39.25,73.0,78,100,8.77,BR,1603073109
qaqortoq,60.72,-46.03,39.2,86,100,9.17,GL,1603072707
kindersley,51.47,-109.17,21.2,57,90,5.82,CA,1603072773
albany,42.6,-73.97,54.0,61,100,8.08,US,1603073110
markova,48.68,24.41,37.99,82,59,6.44,UA,1603072906
maceio,-9.67,-35.74,69.8,94,98,2.24,BR,1603073265
chernyshevskiy,63.01,112.47,19.71,97,100,10.29,RU,1603072906
shihezi,44.3,86.03,55.4,37,16,2.48,CN,1603072906
luderitz,-26.65,15.16,62.11,51,0,14.36,NA,1603073110
castro,-24.79,-50.01,60.58,92,72,8.57,BR,1603072881
teguldet,57.31,88.17,29.57,93,100,12.77,RU,1603072907
georgetown,5.41,100.34,84.2,83,20,3.36,MY,1603072875
atuona,-9.8,-139.03,78.21,76,2,19.28,PF,1603072949
thompson,55.74,-97.86,28.4,92,90,4.7,CA,1603072806
synya,65.37,58.04,26.33,97,99,3.83,RU,1603072907
ponta do sol,38.73,-28.27,59.59,79,11,22.26,PT,1603072907
russell,32.35,-85.2,68.0,93,1,5.55,US,1603073046
cherskiy,68.75,161.3,23.68,93,92,7.11,RU,1603072998
kinablangan,7.69,126.55,85.06,68,86,5.41,PH,1603072907
boca do acre,45.68,8.41,46.99,93,41,4.25,IT,1603072907
faanui,-16.48,-151.75,79.99,77,84,8.77,PF,1603072877
provideniya,64.38,-173.3,39.2,80,40,6.71,RU,1603072967
acajutla,13.59,-89.83,80.71,81,100,7.07,SV,1603072848
suntar,62.14,117.63,23.38,90,31,6.53,RU,1603072908
ambulu,-8.35,113.61,82.0,75,64,4.5,ID,1603073112
mbandaka,0.05,18.26,71.38,96,99,2.55,CD,1603072908
jaynagar-majilpur,22.18,88.42,80.6,94,75,4.7,IN,1603072908
lompoc,34.64,-120.46,62.6,82,1,9.17,US,1603072742
hilo,19.73,-155.09,77.0,88,90,9.53,US,1603072861
urbana,40.11,-88.21,42.8,93,90,9.17,US,1603072909
ebolowa,2.9,11.15,69.73,96,100,2.44,CM,1603072909
mar del plata,43.4,-4.01,50.0,100,98,1.12,ES,1603072909
mys shmidta,62.06,48.62,33.28,95,100,5.21,RU,1603072910
balabac,7.99,117.06,83.75,74,100,9.71,PH,1603073268
bafoulabe,13.81,-10.83,80.33,39,0,0.85,ML,1603072910
yellowknife,62.46,-114.35,24.01,92,90,3.36,CA,1603072842
pangnirtung,66.15,-65.71,34.21,87,100,4.23,CA,1603072975
makakilo city,21.35,-158.09,82.4,74,40,9.17,US,1603072712
moramanga,-18.93,48.2,60.96,94,96,2.17,MG,1603072910
grindavik,63.84,-22.43,41.0,86,0,14.99,IS,1603073113
saldanha,-33.01,17.94,53.6,93,49,4.7,ZA,1603073020
lakatoro,-16.1,167.42,82.4,65,75,11.41,VU,1603073268
hithadhoo,-0.6,73.08,82.81,76,67,13.67,MV,1603073114
butaritari,3.07,172.79,81.84,72,52,16.69,KI,1603073114
hamilton,39.18,-84.53,57.99,76,90,6.93,US,1603073114
santa cruz,17.49,120.43,86.41,65,31,6.29,PH,1603072911
aksha,50.28,113.29,44.94,57,0,2.89,RU,1603072911
lake city,42.33,-88.0,39.0,93,1,3.91,US,1603072912
carnarvon,-24.87,113.63,73.4,73,40,17.22,AU,1603073114
anadyr,64.75,177.48,32.0,86,96,6.22,RU,1603073115
laguna,38.42,-121.42,87.8,19,1,4.7,US,1603073210
palmas,-10.21,-48.36,86.0,70,23,2.24,BR,1603073269
naze,28.37,129.48,75.2,88,75,18.34,JP,1603073115
manaure,11.78,-72.44,83.7,75,98,8.28,CO,1603072912
qaanaaq,77.48,-69.36,29.17,88,70,6.78,GL,1603072992
hermanus,-34.42,19.23,55.99,91,60,1.99,ZA,1603073115
grand river south east,38.88,-109.5,68.0,16,1,6.93,US,1603072913
ostrovnoy,68.05,39.51,35.56,83,100,14.94,RU,1603073115
lampang,18.33,99.5,71.6,94,75,3.36,TH,1603072913
vila,42.03,-8.16,59.0,50,100,7.0,PT,1603072913
college,64.86,-147.8,21.99,62,90,1.92,US,1603073116
nizwa,22.93,57.53,71.06,17,13,6.85,OM,1603073039
nhulunbuy,-12.23,136.77,87.8,48,100,11.41,AU,1603072914
kapaa,22.08,-159.32,82.0,88,90,9.17,US,1603072982
xianshuigu,38.98,117.38,59.0,72,0,2.33,CN,1603072914
havelock,34.88,-76.9,66.0,91,98,7.2,US,1603072822
yerbogachen,61.28,108.01,32.31,92,100,16.78,RU,1603072914
stokmarknes,68.56,14.91,34.0,75,0,5.99,NO,1603072914
kedzierzyn-kozle,50.35,18.23,45.0,87,96,5.01,PL,1603072914
aberdeen,57.14,-2.1,46.4,93,20,5.82,GB,1603072915
tabas,33.6,56.92,51.8,14,0,4.7,IR,1603072738
sankheda,22.17,73.58,80.6,88,40,4.7,IN,1603072915
kiunga,-6.12,141.29,89.13,59,100,2.17,PG,1603073117
linxia,35.6,103.21,45.25,56,34,1.63,CN,1603072915
fenoarivo,-18.93,47.44,60.8,82,75,5.82,MG,1603072915
broome,42.25,-75.83,55.0,50,90,9.17,US,1603072994
yulara,-25.24,130.99,68.0,82,40,19.46,AU,1603073021
bengkulu,-3.8,102.27,78.19,83,100,1.72,ID,1603072881
sobolevo,54.43,31.9,34.95,91,36,8.79,RU,1603072916
vao,-22.67,167.48,71.67,79,37,14.52,NC,1603073168
peniche,39.36,-9.38,63.0,80,11,13.0,PT,1603073118
lagoa,39.05,-27.98,63.03,70,6,22.59,PT,1603073118
hit,33.64,42.83,64.89,36,0,2.84,IQ,1603072917
nouadhibou,20.93,-17.03,77.0,57,1,14.99,MR,1603073118
mount isa,53.66,-1.85,48.0,88,96,6.02,GB,1603072917
rio grande,38.3,21.78,53.6,87,20,3.38,GR,1603072917
bataipora,-22.3,-53.27,76.03,66,98,3.15,BR,1603072917
kabompo,-13.59,24.2,61.18,33,0,4.41,ZM,1603072918
vestmannaeyjar,63.44,-20.27,43.79,68,0,9.98,IS,1603073118
ascension,30.22,-90.9,75.2,83,1,3.36,US,1603072918
djibo,14.1,-1.63,90.18,31,84,2.19,BF,1603072918
dubbo,-32.25,148.62,68.0,60,40,5.82,AU,1603072794
mayo,38.89,-76.51,60.01,93,90,7.05,US,1603073273
kawambwa,-9.79,29.08,69.48,49,24,6.55,ZM,1603072918
chake chake,23.86,103.05,56.91,80,96,6.96,CN,1603072919
khash,28.22,61.22,44.8,48,0,7.4,IR,1603072919
labuhan,-6.88,112.21,81.55,70,100,1.92,ID,1603073221
saskylakh,71.92,114.08,18.79,97,100,6.42,RU,1603073120
rosetown,51.55,-108.0,21.99,57,0,5.17,CA,1603072919
santa rosa,17.49,120.43,86.41,65,31,6.29,PH,1603072911
ribeira grande,42.75,-8.44,62.01,48,100,13.87,ES,1603072919
dwarka,22.24,68.97,84.31,75,62,2.66,IN,1603073274
ahipara,-35.17,173.17,64.78,71,37,13.0,NZ,1603072680
bulungu,-4.55,18.6,70.52,97,100,1.81,CD,1603072920
avarua,-21.21,-159.78,78.8,74,44,6.93,CK,1603073120
guerrero negro,17.67,-100.0,67.64,78,100,3.11,MX,1603072920
porto walter,41.15,-8.61,62.01,63,100,8.05,PT,1603072920
willowmore,-33.29,23.49,51.64,82,64,7.52,ZA,1603072693
pokhara,28.23,83.98,72.39,61,44,0.58,NP,1603072920
bilma,18.69,12.92,79.05,17,0,5.08,NE,1603072921
urengoy,65.97,78.37,21.49,97,86,9.15,RU,1603072872
baykit,61.67,96.37,26.65,93,100,13.47,RU,1603072921
flin flon,48.5,6.66,46.4,93,100,3.38,FR,1603072921
ilulissat,69.22,-51.1,50.0,46,100,21.92,GL,1603073121
neuquen,-38.95,-68.06,62.6,27,54,13.87,AR,1603072649
sanghar,26.05,68.95,68.0,72,20,5.75,PK,1603072921
samoded,63.61,40.51,30.25,99,100,7.7,RU,1603072921
norman wells,35.22,-97.44,46.99,87,90,16.11,US,1603072736
waingapu,-9.66,120.26,87.57,56,0,9.91,ID,1603072922
aktash,50.3,87.73,12.33,91,6,4.79,RU,1603072922
naraina,26.78,75.2,80.6,36,75,3.36,IN,1603072923
mujiayingzi,42.12,118.78,53.6,39,20,8.14,CN,1603073122
brandon,27.94,-82.29,77.0,78,40,11.41,US,1603072923
aklavik,68.22,-135.01,15.8,78,20,2.24,CA,1603073122
muli,2.92,73.57,82.47,77,65,15.26,MV,1603072923
kremnica,48.71,18.92,41.0,100,75,1.12,SK,1603072923
ribeira brava,42.75,-8.44,62.01,48,100,13.87,ES,1603072924
namatanai,-3.67,152.43,86.34,60,66,2.89,PG,1603073277
plettenberg bay,51.22,7.88,45.0,93,100,3.67,DE,1603072924
dongsheng,39.82,109.98,47.57,43,0,12.53,CN,1603072924
leningradskiy,69.38,178.42,25.34,89,0,6.67,RU,1603073123
mitu,1.2,-70.17,74.48,86,19,1.3,CO,1603072781
alofi,-19.06,-169.92,74.82,84,100,16.11,NU,1603073123
grenaa,56.42,10.88,37.4,93,74,5.82,DK,1603072924
leh,34.17,77.58,39.13,43,0,0.65,IN,1603073124
jacareacanga,-6.22,-57.75,76.17,83,98,2.71,BR,1603073201
upernavik,72.79,-56.15,31.77,88,100,7.85,GL,1603072864
dikson,73.51,80.55,27.1,95,34,28.45,RU,1603073124
necochea,-38.55,-58.74,57.99,92,67,7.0,AR,1603072800
talnakh,69.49,88.4,14.0,92,90,8.95,RU,1603073278
payakumbuh,-0.22,100.63,82.56,58,75,0.27,ID,1603072925
yar-sale,66.83,70.83,19.11,94,0,6.64,RU,1603073124
sao joao da barra,20.51,76.21,74.55,89,1,4.36,IN,1603072925
black diamond,31.01,-85.74,71.01,77,1,5.82,US,1603072926
kattivakkam,13.22,80.32,80.6,94,75,3.36,IN,1603072926
axim,4.87,-2.24,76.23,89,20,6.26,GH,1603072777
aljezur,37.32,-8.8,60.01,93,22,1.01,PT,1603072696
oroville,39.51,-121.56,87.8,22,1,4.23,US,1603072926
itapema,-27.09,-48.61,71.6,88,75,5.82,BR,1603072927
tibati,6.47,12.63,64.53,90,24,1.48,CM,1603072927
mastic beach,40.8,-72.84,57.99,76,75,11.32,US,1603072927
alice springs,27.75,-98.07,80.6,83,1,11.41,US,1603072928
belyy yar,55.84,32.94,34.74,91,41,9.06,RU,1603072928
pevek,69.7,170.31,26.65,93,28,16.89,RU,1603072862
puerto ayora,36.59,-6.23,68.0,49,98,21.92,ES,1603072929
uribia,11.71,-72.27,83.39,73,97,5.95,CO,1603072740
tuatapere,-46.13,167.68,46.45,90,100,4.09,NZ,1603073126
kohlu,29.9,69.25,56.75,28,0,3.42,PK,1603072930
cidreira,-30.18,-50.21,67.86,81,0,22.57,BR,1603073126
tivaouane,14.95,-16.81,80.6,94,75,4.7,SN,1603072930
fairbanks,64.84,-147.72,21.99,62,90,1.9,US,1603072989
caraz,-9.05,-77.81,62.87,54,82,2.28,PE,1603072931
mwense,-10.38,28.7,74.28,44,0,9.73,ZM,1603072931
havoysund,71.0,24.66,28.4,92,20,6.93,NO,1603072931
salalah,17.02,54.09,77.0,38,8,8.05,OM,1603072841
rocha,-34.48,-54.33,66.61,88,0,7.25,UY,1603072980
port lincoln,-7.03,29.76,75.69,55,3,5.41,CD,1603072899
pandan,14.05,124.17,83.77,83,100,12.41,PH,1603073281
burnie,-41.07,145.92,59.0,49,97,8.01,AU,1603073282
flinders,-34.58,150.86,66.99,63,47,1.99,AU,1603072856
chuy,-33.7,-53.46,63.32,84,0,7.31,UY,1603073127
ambon,-3.7,128.18,89.6,59,40,4.7,ID,1603072932
eyl,7.98,49.82,79.83,74,10,10.74,SO,1603073128
banepa,27.63,85.52,66.2,93,20,2.24,NP,1603072932
avera,33.19,-82.53,60.8,87,1,6.93,US,1603073128
padang,-0.95,100.35,84.18,66,10,1.54,ID,1603073033
hellvik,59.92,5.78,39.99,81,100,1.01,NO,1603072933
sitka,57.05,-135.33,44.6,65,20,4.7,US,1603073043
tabou,4.42,-7.35,76.28,90,78,5.55,CI,1603072713
lewiston,44.1,-70.21,43.0,93,1,1.97,US,1603072930
barrow,71.29,-156.79,21.2,85,90,13.87,US,1603072966
nemuro,43.32,145.57,62.6,48,20,10.29,JP,1603073128
alabaster,33.24,-86.82,68.0,77,1,5.26,US,1603072933
lahij,13.17,44.58,75.85,45,0,1.74,YE,1603072934
roald,62.58,6.13,39.2,86,91,4.7,NO,1603073129
bogorodskoye,56.55,37.88,38.44,94,100,14.03,RU,1603072934
mitsamiouli,-11.38,43.28,77.74,77,8,10.31,KM,1603073283
nueva helvecia,-1.72,-79.83,77.0,69,40,11.41,EC,1603072934
port-cartier,50.03,-66.87,39.99,93,75,6.93,CA,1603073284
nanortalik,60.14,-45.24,39.16,89,97,8.01,GL,1603072878
srednekolymsk,67.45,153.68,25.57,96,82,2.89,RU,1603073129
constitucion,-35.33,-72.42,49.41,80,0,10.87,CL,1603072846
kamienna gora,51.08,17.76,46.99,81,75,6.93,PL,1603072935
katsina,12.99,7.6,80.42,33,0,6.42,NG,1603072935
port augusta,-7.03,29.76,75.69,55,3,5.41,CD,1603072772
chihuahua,28.5,-106.0,80.6,18,5,9.17,MX,1603072908
nome,64.5,-165.41,39.2,93,90,14.99,US,1603073130
biak,-0.91,122.88,80.64,75,100,6.58,ID,1603072935
dedza,-14.38,34.33,59.68,42,32,3.83,MW,1603072935
puerto escondido,36.59,-6.23,68.0,49,98,21.92,ES,1603072936
port-gentil,-0.72,8.78,78.31,88,100,14.67,GA,1603073028
kawalu,-7.38,108.21,80.26,75,76,3.15,ID,1603072739
oranjestad,12.52,-70.03,84.2,79,20,19.46,AW,1603072731
kenai,60.55,-151.26,37.4,80,90,3.36,US,1603072936
esperance,-33.87,121.9,68.0,64,73,9.17,AU,1603073036
hofn,64.25,-15.21,40.95,88,100,28.01,IS,1603073097
sangar,63.92,127.47,15.76,94,98,2.46,RU,1603072937
komsomolskiy,40.43,71.72,50.0,57,0,6.93,UZ,1603073286
inhambane,-23.86,35.38,67.86,83,0,3.22,MZ,1603072937
dingle,11.0,122.67,85.5,74,100,7.49,PH,1603073131
kokopo,-4.35,152.26,84.69,67,85,5.57,PG,1603072937
hasaki,35.73,140.83,64.0,67,75,8.05,JP,1603073132
acapulco,16.86,-99.89,84.2,83,75,10.29,MX,1603073207
nelson,-41.28,173.28,59.0,96,100,3.83,NZ,1603072938
arman,59.7,150.17,37.22,80,51,12.8,RU,1603073287
mae sai,34.82,108.93,53.6,76,0,2.24,CN,1603072938
port pirie,-7.03,29.76,75.69,55,3,5.41,CD,1603072899
trelew,-43.25,-65.31,62.8,28,0,26.84,AR,1603072938
killybegs,54.63,-8.45,54.0,93,100,13.0,IE,1603073287
faya,18.39,42.45,57.2,32,0,4.7,SA,1603073132
voh,-20.97,164.7,82.35,45,0,6.53,NC,1603073105
tashtyp,52.79,89.9,30.83,89,94,16.37,RU,1603072939
kodiak,57.79,-152.41,46.4,70,90,4.7,US,1603073133
alta floresta,69.97,23.27,21.2,92,0,9.17,NO,1603072939
paracuru,-3.41,-39.03,80.01,78,79,25.99,BR,1603072939
hurghada,27.26,33.81,77.0,50,0,5.82,EG,1603072730
sao filipe,20.51,76.21,74.55,89,1,4.36,IN,1603072940
severo-kurilsk,50.68,156.12,50.85,73,20,11.41,RU,1603073133
kaitangata,-46.28,169.85,49.32,92,100,4.43,NZ,1603073002
sarakhs,36.54,61.16,50.0,39,0,4.7,IR,1603072940
bambous virieux,-20.26,57.41,73.4,73,40,8.05,MU,1603072940
seddon,-37.81,144.89,60.01,62,90,10.29,AU,1603072940
sorong,-0.88,131.25,85.05,70,100,9.06,ID,1603073112
calbuco,-41.77,-73.13,46.4,93,90,5.82,CL,1603072941
nikolskoye,59.7,30.79,35.6,88,75,8.95,RU,1603072680
nipawin,53.37,-104.0,28.4,63,90,10.29,CA,1603072941
pacific grove,38.48,-90.74,45.0,97,100,5.57,US,1603072941
burgos,42.34,-3.71,46.99,80,100,2.24,ES,1603072941
kahului,20.89,-156.47,89.6,49,40,9.17,US,1603073097
san jose,13.3,-4.9,84.43,42,17,3.89,ML,1603072838
erzin,36.96,36.2,73.0,86,0,0.98,TR,1603073135
conde,-7.26,-34.91,75.2,88,20,5.82,BR,1603073289
hearst,49.68,-83.67,28.4,98,63,4.74,CA,1603072942
yumen,40.28,97.2,50.81,36,100,23.55,CN,1603073135
maniitsoq,65.42,-52.9,41.18,90,100,44.69,GL,1603072942
trinidad,-14.83,-64.9,83.39,47,19,3.06,BO,1603072942
byron bay,44.03,-92.65,32.0,82,75,5.82,US,1603072943
awbari,26.59,12.78,68.97,70,93,16.22,LY,1603072818
jobat,22.42,74.57,77.95,82,2,4.41,IN,1603072943
edea,3.8,10.13,73.4,100,40,2.24,CM,1603072943
chany,55.31,76.76,30.67,93,86,8.9,RU,1603072943
hobyo,5.35,48.53,78.82,84,53,14.09,SO,1603073290
sao jose da coroa grande,20.51,76.21,74.55,89,1,4.36,IN,1603072944
banda aceh,25.48,80.33,81.36,49,0,3.62,IN,1603072944
mogadishu,2.04,45.34,78.03,82,5,9.62,SO,1603073291
amga,60.9,131.96,16.97,93,93,4.38,RU,1603073291
vila praia de ancora,42.03,-8.16,59.0,50,100,7.0,PT,1603072913
teya,60.38,92.63,27.05,91,100,15.32,RU,1603073291
iralaya,15.0,-83.23,79.52,86,100,6.31,HN,1603072944
shingu,33.73,135.98,60.8,87,75,6.93,JP,1603073137
milkovo,54.72,158.62,41.97,81,91,6.51,RU,1603072945
ferme-neuve,46.7,-75.45,47.88,63,97,10.71,CA,1603072945
tiksi,71.69,128.87,16.21,94,95,18.01,RU,1603073137
fortuna,40.6,-124.16,57.99,100,1,9.17,US,1603073137
agadez,19.75,10.25,79.14,16,0,7.07,NE,1603073292
bilibino,68.05,166.44,19.76,95,97,2.01,RU,1603073137
babra,21.85,71.3,79.52,78,74,5.61,IN,1603072945
deputatskiy,69.3,139.9,12.33,95,100,7.27,RU,1603073138
nuristan,35.3,70.83,28.36,76,0,11.14,AF,1603072946
mantua,45.17,10.78,48.99,95,17,3.02,IT,1603072946
najran,17.49,44.13,62.6,29,0,4.7,SA,1603072946
olafsvik,64.89,-23.71,41.88,75,25,30.91,IS,1603073138
madang,-5.22,145.8,86.63,62,16,8.81,PG,1603072946
fuling,29.7,107.39,60.85,76,97,2.24,CN,1603072947
port blair,-7.03,29.76,75.69,55,3,5.41,CD,1603072772
tombouctou,20.0,-3.0,85.48,19,0,8.57,ML,1603072947
dunedin,-45.87,170.5,50.0,88,100,7.0,NZ,1603073159
longyearbyen,78.22,15.64,24.8,79,20,9.17,SJ,1603072877
leninskoye,41.76,69.39,48.2,57,0,6.93,KZ,1603072947
svetlogorsk,52.63,29.73,39.24,88,57,7.58,BY,1603073293
lixourion,38.2,20.43,65.41,66,84,7.02,GR,1603072769
matay,28.42,30.78,68.34,74,0,9.55,EG,1603072948
chalchihuites,23.48,-103.88,58.28,42,24,6.76,MX,1603072948
romitan,39.93,64.38,46.4,39,0,4.7,UZ,1603072948
bandarbeyla,9.49,50.81,77.63,82,0,5.77,SO,1603073139
brae,60.4,-1.35,42.8,93,100,2.24,GB,1603072779
ilhabela,-23.78,-45.36,71.62,85,100,12.24,BR,1603072948
sioux lookout,42.73,-96.23,37.99,47,90,3.36,US,1603072872
pleasanton,37.66,-121.87,75.0,55,0,1.01,US,1603072704
raahe,64.68,24.48,35.6,93,90,11.41,FI,1603072949
coxim,-18.51,-54.76,75.24,80,100,11.05,BR,1603072949
nefteyugansk,61.1,72.6,26.6,92,100,8.95,RU,1603072949
tutoia,-2.76,-42.27,79.84,79,0,13.78,BR,1603072802
mbanza-ngungu,-5.25,14.87,69.75,96,80,4.92,CD,1603072949
nakodar,31.13,75.47,68.41,30,0,2.42,IN,1603072950
bazaliya,49.71,26.47,43.74,85,100,13.91,UA,1603072950
george,-33.96,22.46,51.8,100,80,2.24,ZA,1603072943
turayf,31.67,38.66,60.8,36,0,3.4,SA,1603073141
tura,25.52,90.22,78.73,83,0,1.19,IN,1603073141
mahebourg,-20.41,57.7,73.4,73,40,8.05,MU,1603072882
pecos,31.42,-103.49,77.0,11,1,3.36,US,1603072950
riyadh,24.69,46.72,64.4,22,0,5.82,SA,1603072856
atar,20.52,-13.05,85.66,29,31,9.06,MR,1603073141
qui nhon,-10.97,-37.6,80.6,65,20,9.17,BR,1603072951
comodoro rivadavia,-13.66,-59.79,69.93,95,100,4.07,BR,1603072951
lana,46.61,11.16,48.0,71,86,0.89,IT,1603072951
port angeles,-7.03,29.76,75.69,55,3,5.41,CD,1603072951
saint-pierre,-21.34,55.48,69.01,68,20,2.24,RE,1603073142
kismayo,-0.36,42.55,77.56,81,86,13.02,SO,1603072952
chenghai,23.46,116.77,75.2,64,9,6.71,CN,1603072952
steamboat springs,58.68,-123.72,26.6,53,20,5.82,CA,1603072952
ambrolauri,42.52,43.16,57.2,87,9,5.82,GE,1603072952
westport,41.14,-73.36,57.2,67,20,10.29,US,1603073068
belaya gora,49.03,25.77,46.99,81,81,3.0,UA,1603072953
palmer,42.16,-72.33,50.0,66,75,4.7,US,1603073142
santona,43.44,-3.46,57.0,100,97,1.12,ES,1603072953
valparaiso,-33.04,-71.63,48.2,93,0,12.21,CL,1603072854
ugoofaaru,5.67,73.0,81.97,78,100,12.06,MV,1603072953
airai,-8.93,125.41,80.58,30,63,4.36,TL,1603073143
abu dhabi,24.6,72.7,70.65,92,26,2.08,IN,1603072954
bucak,37.46,30.59,68.0,82,40,3.36,TR,1603072954
klamath falls,42.67,-121.75,66.2,42,1,11.41,US,1603072954
rabaul,-4.2,152.17,83.26,71,96,7.02,PG,1603072708
kudahuvadhoo,2.67,72.89,82.78,76,99,13.6,MV,1603072872
kyra,49.58,111.98,42.06,62,0,2.04,RU,1603072722
weihai,37.5,122.11,63.86,44,0,6.29,CN,1603072954
sakaiminato,35.55,133.23,60.8,82,75,2.24,JP,1603072954
mamallapuram,12.63,80.17,80.6,94,75,3.36,IN,1603072954
muroto,33.28,134.15,62.6,72,75,5.82,JP,1603072955
bukama,-9.2,25.85,72.57,53,14,1.77,CD,1603073144
lorengau,-2.02,147.27,85.26,71,85,5.97,PG,1603073026
vostok,46.49,135.88,37.2,67,0,6.04,RU,1603073144
emerald,-23.53,148.17,86.0,48,0,6.93,AU,1603073299
capreol,46.71,-80.92,37.99,93,90,8.05,CA,1603072955
barra mansa,-11.09,-43.14,79.56,62,54,10.58,BR,1603072955
aden,12.78,45.04,83.41,63,0,7.43,YE,1603072665
port shepstone,-7.03,29.76,75.69,55,3,5.41,CD,1603072772
grand gaube,38.88,-109.5,68.0,16,1,6.93,US,1603072913
strezhevoy,60.73,77.59,26.6,86,75,11.18,RU,1603073129
hualmay,-11.1,-77.61,61.75,84,1,8.05,PE,1603073145
porto novo,41.15,-8.61,61.0,63,100,8.05,PT,1603072757
husavik,66.04,-17.34,39.2,80,90,10.29,IS,1603073007
harboore,56.62,8.18,46.0,85,100,18.68,DK,1603072956
longkou,37.65,120.33,63.88,41,0,8.79,CN,1603072956
aguimes,27.91,-15.45,69.01,82,20,4.7,ES,1603072956
inuvik,68.35,-133.72,15.8,78,20,2.24,CA,1603072956
truro,50.27,-5.05,52.0,87,100,13.87,GB,1603072749
vila franca do campo,42.03,-8.16,59.0,50,100,7.0,PT,1603072957
nishihara,26.18,127.76,82.4,69,40,10.29,JP,1603073146
beloha,-25.17,45.05,63.36,88,0,9.62,MG,1603073300
taoudenni,22.68,-3.98,79.03,17,0,6.29,ML,1603073146
kuchera,26.98,73.97,79.18,57,10,8.12,IN,1603072957
dhidhdhoo,6.88,73.1,82.04,77,100,13.09,MV,1603072855
xuddur,4.12,43.89,71.22,81,75,9.1,SO,1603072958
lashio,22.93,97.75,72.27,85,97,1.19,MM,1603072793
northam,51.03,-4.22,48.99,87,100,10.0,GB,1603072958
pelym,61.01,62.0,32.11,98,100,6.4,RU,1603072959
orlik,52.52,99.83,32.97,86,100,3.29,RU,1603072959
fuerte olimpo,17.54,120.36,85.41,66,45,6.49,PH,1603072959
yinchuan,38.47,106.27,53.92,34,0,6.42,CN,1603072959
kruisfontein,-34.0,24.73,51.01,92,100,1.99,ZA,1603073147
warmbad,-28.45,18.73,61.12,32,0,3.65,NA,1603072960
kavaratti,10.57,72.64,80.87,79,19,10.8,IN,1603073148
codrington,-38.27,141.97,55.83,74,100,7.02,AU,1603073148
ancud,-41.87,-73.82,45.0,93,75,3.36,CL,1603073148
houma,29.6,-90.72,73.0,88,1,6.08,US,1603073265
kijang,35.24,129.21,62.6,48,66,4.7,KR,1603073148
oga,46.46,10.35,37.99,100,74,4.7,IT,1603072960
angoche,-16.23,39.91,70.21,90,88,4.12,MZ,1603073303
kibala,9.11,18.35,77.0,88,95,3.09,TD,1603072685
ambilobe,-13.2,49.05,67.17,78,0,3.36,MG,1603073149
shunyi,40.12,116.65,64.0,41,0,4.47,CN,1603072961
kiruna,67.86,20.23,24.8,92,100,14.99,SE,1603072756
bathsheba,13.22,-59.52,77.0,88,20,5.82,BB,1603073092
eureka,40.8,-124.16,61.0,89,2,3.0,US,1603072836
tezu,27.92,96.17,77.61,70,57,0.49,IN,1603073149
sucua,-2.47,-78.17,68.76,78,93,2.51,EC,1603072961
mildura,-34.2,142.15,66.0,45,0,8.05,AU,1603072960
zyryanka,65.75,150.85,24.03,92,89,1.72,RU,1603073149
zhelyabovka,45.4,34.76,54.93,80,99,6.98,UA,1603072962
araguaina,-7.19,-48.21,81.27,52,55,4.27,BR,1603072962
svetlyy,54.67,20.13,48.0,80,20,8.95,RU,1603073304
newport,51.59,-3.0,48.99,95,100,6.73,GB,1603072962
rawson,-43.3,-65.1,62.11,30,0,26.84,AR,1603073150
bitung,1.45,125.18,89.6,55,40,4.7,ID,1603072962
cockburn town,-32.08,141.0,64.4,45,60,8.05,AU,1603072962
nucsoara,45.33,24.78,35.49,84,3,6.02,RO,1603072963
gazanjyk,39.24,55.52,55.56,37,0,9.19,TM,1603072963
chumikan,54.72,135.31,30.31,79,100,20.31,RU,1603073305
tanete,-3.94,119.78,89.46,56,99,8.86,ID,1603073151
salvador,13.83,-88.92,80.6,88,20,3.36,SV,1603072796
shestakovo,56.49,103.96,31.73,92,100,11.32,RU,1603072963
bradulet,45.28,24.77,36.81,80,1,5.28,RO,1603072963
carahue,-38.7,-73.17,44.6,93,29,2.24,CL,1603072964
olga,43.74,135.29,52.81,42,0,7.11,RU,1603073306
kamaishi,39.27,141.88,57.2,82,75,1.12,JP,1603073306
lasa,46.62,10.7,48.0,71,79,3.36,IT,1603073151
hervey bay,33.5,-93.78,71.6,83,90,3.36,US,1603072964
catamarca,-28.47,-65.79,73.99,52,0,1.99,AR,1603072964
bull savanna,6.2,-10.28,75.2,100,75,1.14,LR,1603072964
bonavista,48.65,-53.11,51.01,77,100,3.0,CA,1603072965
aginskoye,51.1,114.53,46.4,54,0,4.16,RU,1603072872
shenjiamen,29.96,122.3,66.15,66,100,15.5,CN,1603072965
san patricio,13.3,-4.9,84.43,42,17,3.89,ML,1603072838
ust-nera,64.57,143.2,12.13,85,84,3.44,RU,1603073152
doka,13.52,35.77,71.6,78,0,5.28,SD,1603073152
arrifes,37.77,-25.7,62.6,63,20,18.34,PT,1603072965
mirabad,30.44,61.84,53.96,40,0,10.13,AF,1603072966
douglas,41.3,-96.17,41.0,74,90,2.33,US,1603073116
goderich,43.75,-81.72,46.0,88,100,19.42,CA,1603072878
magadan,59.57,150.8,37.44,80,100,17.98,RU,1603073307
witbank,-25.87,29.23,68.32,34,40,4.45,ZA,1603072806
burias,11.45,122.55,84.47,77,100,5.12,PH,1603072966
port hawkesbury,-7.03,29.76,75.69,55,3,5.41,CD,1603072899
merritt island,50.11,-120.79,44.6,87,90,2.24,CA,1603072967
bac lieu,45.39,19.24,41.0,93,0,2.24,RS,1603072967
noshiro,40.2,140.02,51.8,100,75,1.12,JP,1603072967
lavrentiya,65.58,-171.0,36.48,83,26,4.0,RU,1603073308
baoro,5.67,15.97,67.33,90,98,2.62,CF,1603072967
stabat,3.76,98.45,84.2,83,20,2.24,ID,1603072967
puerto leguizamo,36.59,-6.23,68.0,49,98,21.92,ES,1603072936
tilichiki,60.47,166.1,39.76,82,95,14.09,RU,1603072739
asau,46.43,26.4,46.4,100,27,4.7,RO,1603072753
nouakchott,18.09,-15.98,84.2,37,0,10.29,MR,1603073059
tiarei,-17.53,-149.33,86.0,66,20,4.7,PF,1603072713
qujing,25.48,103.78,52.5,81,100,3.76,CN,1603072968
luena,-11.78,19.92,63.14,75,0,2.91,AO,1603072968
makat,47.65,53.35,53.76,37,0,11.79,KZ,1603072968
woodstock,43.13,-80.75,50.0,87,90,16.11,CA,1603072956
balikpapan,-1.27,116.83,73.94,96,100,2.13,ID,1603072969
salamiyah,35.01,37.05,56.73,59,0,2.51,SY,1603072969
san ramon de la nueva oran,13.3,-4.9,84.43,42,17,3.89,ML,1603072838
farafangana,-22.82,47.83,70.95,80,99,6.38,MG,1603073155
vestmanna,62.16,-7.17,41.0,86,100,8.05,FO,1603073310
bage,-31.33,-54.11,71.6,56,0,8.05,BR,1603072969
bowen,-20.02,148.23,86.0,42,0,8.05,AU,1603072969
belomorsk,64.52,34.77,33.13,96,100,11.45,RU,1603073310
iquique,-20.22,-70.14,62.6,77,90,2.24,CL,1603072970
kautokeino,69.01,23.04,25.11,96,84,14.72,NO,1603072970
mandan,46.83,-100.89,30.2,73,90,3.4,US,1603072872
gauribidanur,13.61,77.52,71.6,100,75,2.24,IN,1603072970
mount gambier,53.66,-1.85,48.0,88,96,6.02,GB,1603072917
manavalakurichi,8.13,77.3,80.6,83,20,2.24,IN,1603072970
ishigaki,24.34,124.16,82.4,69,75,20.8,JP,1603073156
bantogon,6.53,124.03,82.6,72,100,4.56,PH,1603072950
bairiki,1.33,172.98,86.0,62,20,13.87,KI,1603072711
trairi,-3.28,-39.27,79.9,81,67,13.24,BR,1603072814
petropavlovsk-kamchatskiy,53.05,158.65,51.8,71,40,8.95,RU,1603072678
mayumba,-3.43,10.66,77.14,89,100,10.09,GA,1603072971
grand-lahou,5.14,-5.02,76.32,91,27,6.53,CI,1603072971
mandali,33.75,45.55,69.15,24,0,6.22,IQ,1603072971
praia da vitoria,14.92,-23.51,78.8,88,40,2.24,CV,1603072972
marovoay,-16.1,46.63,73.4,64,20,8.05,MG,1603072972
poso,-1.4,120.75,93.0,48,43,2.39,ID,1603072972
fort nelson,52.65,6.39,46.99,95,100,4.0,NL,1603072715
loralai,30.37,68.6,52.57,29,0,5.3,PK,1603072972
tucuman,-26.82,-65.22,87.8,43,0,6.93,AR,1603072874
port alberni,-7.03,29.76,75.69,55,3,5.41,CD,1603072863
pacifica,37.61,-122.49,66.2,63,20,16.11,US,1603073313
pichataro,19.57,-101.8,69.8,83,75,1.74,MX,1603072973
kumba,4.64,9.45,71.37,95,81,1.19,CM,1603072973
ossora,59.24,163.07,42.53,65,86,7.25,RU,1603073158
port hardy,-7.03,29.76,75.69,55,3,5.41,CD,1603072899
meulaboh,4.14,96.13,81.95,70,95,3.4,ID,1603073158
burgeo,47.62,-57.62,50.13,76,80,11.92,CA,1603073313
birao,10.28,22.79,70.45,59,31,2.48,CF,1603072973
nadvoitsy,63.87,34.32,32.74,97,100,8.61,RU,1603072973
pontianak,-0.03,109.33,87.98,64,91,1.1,ID,1603072974
san cristobal,13.3,-4.9,84.43,42,17,3.89,ML,1603072838
ardahan,41.11,42.7,44.49,57,0,1.88,TR,1603072974
ayr,55.46,-4.63,53.01,93,75,9.17,GB,1603072875
